ETF Name,Code,Quote,Trailing Return,Growth 10000,Risk,Asset Allocations,Sectors,StockStyle,Sustainability,Holdings
ARIRANG_200,152100,20190816,20190814,20190814,20190731,20190430,20190430,20190430,20190630,20190430
ARIRANG_200_EW,295820,20190816,20190814,20190814,NA,20190430,20190430,20190430,20190630,20190430
ARIRANG_200_Futures_Inverse_2X,253160,20190816,20190814,20190814,NA,20190430,20190430,20190430,NA,20190430
ARIRANG_200_Futures_Leverage,253150,20190816,20190814,20190814,NA,20190430,20190430,20190430,NA,20190430
ARIRANG_200_LowVOL_Tilt,295890,20190816,20190814,20190814,NA,20190430,20190430,20190430,20190630,20190430
ARIRANG_200_Momentum_Tilt,295860,20190816,20190814,20190814,NA,20190430,20190430,20190430,20190630,20190430
ARIRANG_200_Quality_Tilt,295880,20190816,20190814,20190814,NA,20190430,20190430,20190430,20190630,20190430
ARIRANG_200_Value_Tilt,295840,20190816,20190814,20190814,NA,20190430,20190430,20190430,20190630,20190430
ARIRANG_Active_Short-term_Credit_Bond,278620,20190816,20190814,20190814,NA,20190430,20190430,20190430,NA,20190430
ARIRANG_ChiNext(Synth),256450,20190816,20190814,20190814,NA,20180630,20180630,20180630,NA,20180630
ARIRANG_Credit_Bond50,239660,20190816,20190814,20190814,20190731,20190430,20190430,20190430,NA,20190430
ARIRANG_ESG_Leading_Company_ETF,278420,20190816,20190814,20190814,NA,20190430,20190430,20190430,20190630,20190430
ARIRANG_High_Divend_Low_Volatility_50,251590,20190816,20190814,20190814,NA,20190430,20190430,20190430,20190630,20190430
ARIRANG_High_Dividend_Bond_Balanced_ETF,251600,20190816,20190814,20190814,NA,20190430,20190430,20190430,NA,20190430
ARIRANG_High_Dividend_ETF,161510,20190816,20190814,20190814,20190731,20190430,20190430,20190430,20190630,20190430
ARIRANG_KOSDAQ150,301400,20190816,20190814,20190814,NA,20190430,20190430,20190430,20190630,20190430
ARIRANG_KOSDAQ150_F-Inverse,301410,20190816,20190814,20190814,NA,20190430,20190430,20190430,NA,20190430
ARIRANG_KOSPI,227830,20190816,20190814,20190814,20190731,20190430,20190430,20190430,20190630,20190430
ARIRANG_KOSPI50,122090,20190816,20190814,20190814,20190731,20190430,20190430,20190430,20190630,20190430
ARIRANG_KOSPI_Mid_Cap,301440,20190816,20190814,20190814,NA,20190430,20190430,20190430,20190630,20190430
ARIRANG_KOSPI_Total_Return,328370,20190816,20190814,20190814,NA,20190731,NA,NA,NA,NA
ARIRANG_KRX300_Consumer_Discretionary,309200,20190816,20190814,20190814,NA,20190430,20190430,20190430,20190630,20190430
ARIRANG_KRX300_ETF,292750,20190816,20190814,20190814,NA,20190430,20190430,20190430,20190630,20190430
ARIRANG_KRX300_Financials,309180,20190816,20190814,20190814,NA,20190430,20190430,20190430,20190630,20190430
ARIRANG_KRX300_Health_Care,309210,20190816,20190814,20190814,NA,20190430,20190430,20190430,20190630,20190430
ARIRANG_KRX300_Industrials,309190,20190816,20190814,20190814,NA,20190430,20190430,20190430,20190630,20190430
ARIRANG_KRX300_IT,309170,20190816,20190814,20190814,NA,20190430,20190430,20190430,20190630,20190430
ARIRANG_KTB_10Y_Future_ETF,289670,20190816,20190814,20190814,NA,20190430,20190430,20190430,NA,20190430
ARIRANG_KTB_3Y_Futures_ETF,298340,20190816,20190814,20190814,NA,20190430,20190430,20190430,NA,20190430
ARIRANG_Leading_Industry_ETF,280920,20190816,20190814,20190814,NA,20190430,20190430,20190430,20190630,20190430
ARIRANG_MidCap_LowVol50,266550,20190816,20190814,20190814,NA,20190430,20190430,20190430,20190630,20190430
ARIRANG_NASDAQ_Technology_Sector,287180,20190816,20190814,20190814,NA,20190430,20190430,20190430,20190630,20190430
ARIRANG_S&P500_ETF,269540,20190816,20190814,20190814,NA,20190430,20190430,20190430,20190630,20190430
ARIRANG_S&P_Global_Infra_Equity,269530,20190816,20190814,20190814,NA,20190430,20190430,20190430,20190630,20190430
ARIRANG_Short-Term_Bond,190160,20190814,20190814,20190814,20190731,20190430,20190430,20190430,NA,20190430
ARIRANG_Short-Term_Credit,263190,20190816,20190814,20190814,NA,20190430,20190430,20190430,NA,20190430
ARIRANG_Smartbeta_LowVOL,236460,20190816,20190814,20190814,20190731,20190430,20190430,20190430,20190630,20190430
ARIRANG_Smartbeta_Momentum,222190,20190816,20190814,20190814,20190731,20190430,20190430,20190430,20190630,20190430
ARIRANG_Smartbeta_Quality,222200,20190816,20190814,20190814,20190731,20190430,20190430,20190430,20190630,20190430
ARIRANG_Smartbeta_Quality_Balanced,238670,20190816,20190814,20190814,20190731,20190430,20190430,20190430,NA,20190430
ARIRANG_Smartbeta_Value,222180,20190816,20190814,20190814,20190731,20190430,20190430,20190430,20190630,20190430
ARIRANG_Synth-AC_World(H),189400,20190816,20190814,20190814,20190731,20190731,20190731,20190731,NA,20190731
ARIRANG_Synth-EAFE(H),195970,20190816,20190814,20190814,20190731,20190731,20190731,20190731,NA,20190731
ARIRANG_Synth-EM(H),195980,20190816,20190814,20190814,20190731,20190731,20190731,20190731,NA,20190731
ARIRANG_Synth-US_High_Dividend(H),213630,20190816,20190814,20190814,20190731,20190630,20190630,20190630,NA,20190630
FOCUS_ESG_Leaders_150,285690,20190816,20190814,20190814,NA,20190430,20190430,20190430,20190630,20190430
FOCUS_KRX300_ETF,292730,20190816,20190814,20190814,NA,20190430,20190430,20190430,20190630,20190430
HANARO_200_ETF,293180,20190816,20190814,20190814,NA,20190430,20190430,20190430,20190630,20190430
HANARO_200_Futures_Inverse,306520,20190816,20190814,20190814,NA,20190430,20190430,20190430,NA,20190430
HANARO_200_Futures_Leverage,304780,20190816,20190814,20190814,NA,20190430,20190430,20190430,NA,20190430
HANARO_Agriculture_Business,314700,20190816,20190814,20190814,NA,20190430,20190430,20190430,20190630,20190430
HANARO_e-Commerce,322400,20190816,20190814,20190814,NA,20190430,20190430,20190430,20190630,20190430
HANARO_High_Dividend,322410,20190816,20190814,20190814,NA,20190430,20190430,20190430,20190630,20190430
HANARO_KOSDAQ150,304770,20190816,20190814,20190814,NA,20190430,20190430,20190430,20190630,20190430
HANARO_KOSDAQ150_Futures_Leverage,306530,20190816,20190814,20190814,NA,20190430,20190430,20190430,NA,20190430
HANARO_KRX300,304760,20190816,20190814,20190814,NA,20190430,20190430,20190430,20190630,20190430
HANARO_Short-term_MSB,306540,20190809,20190814,20190814,NA,20190430,20190430,20190430,NA,20190430
Heungkuk_S&P_Korea_Low_Volatility,215620,20190814,20190814,20190814,20190731,20190430,20190430,20190430,20190630,20190430
KBSTAR_200,148020,20190816,20190814,20190814,20190731,20190430,20190430,20190430,20190630,20190430
KBSTAR_200IT,285000,20190816,20190814,20190814,NA,20190430,20190430,20190430,20190630,20190430
KBSTAR_200_Communication_Service,315480,20190816,20190814,20190814,NA,20190430,20190430,20190430,20190630,20190430
KBSTAR_200_Constructions,287300,20190816,20190814,20190814,NA,20190430,20190430,20190430,20190630,20190430
KBSTAR_200_Consumer_Discretionary,287310,20190816,20190814,20190814,NA,20190430,20190430,20190430,20190630,20190430
KBSTAR_200_Consumer_Staples,287330,20190816,20190814,20190814,NA,20190430,20190430,20190430,20190630,20190430
KBSTAR_200_Ene_&_Che,284990,20190816,20190814,20190814,NA,20190430,20190430,20190430,20190630,20190430
KBSTAR_200_Financials,284980,20190816,20190814,20190814,NA,20190430,20190430,20190430,20190630,20190430
KBSTAR_200_Futures_Inverse,252410,20190816,20190814,20190814,NA,20190430,20190430,20190430,NA,20190430
KBSTAR_200_Futures_Inverse_2X,252420,20190816,20190814,20190814,NA,20190430,20190430,20190430,NA,20190430
KBSTAR_200_Futures_Leverage,252400,20190816,20190814,20190814,NA,20190430,20190430,20190430,NA,20190430
KBSTAR_200_Hea_&_Ind,285010,20190816,20190814,20190814,NA,20190430,20190430,20190430,20190630,20190430
KBSTAR_200_High_Dividend_CoveredCall_ATM,290080,20190816,20190814,20190814,NA,20190430,20190430,20190430,20190630,20190430
KBSTAR_200_Industrials,287320,20190816,20190814,20190814,NA,20190430,20190430,20190430,20190630,20190430
KBSTAR_200_Ste_&_Mat,285020,20190816,20190814,20190814,NA,20190430,20190430,20190430,20190630,20190430
KBSTAR_China_HSCEI(H),250730,20190816,20190814,20190814,NA,20190430,20190430,20190430,20190630,20190430
KBSTAR_China_H_Futures_Inverse_ETF(H),291680,20190816,20190814,20190814,NA,20190430,20190430,20190430,NA,20190430
KBSTAR_Credit,136340,20190816,20190814,20190814,20190731,20190430,20190430,20190430,NA,20190430
KBSTAR_CSI100,174360,20190816,20190814,20190814,20190731,20190430,20190430,20190430,20190630,20190430
KBSTAR_Domestic_Consumption_Plus,326230,20190816,20190814,20190814,NA,20190731,NA,NA,NA,NA
KBSTAR_Equity_Balanced,183710,20190816,20190814,20190814,20190731,20190430,20190430,20190430,20190630,20190430
KBSTAR_Exporter,140570,20190816,20190814,20190814,20190731,20190430,20190430,20190430,20190630,20190430
KBSTAR_F-KOSDAQ150_Inverse,275750,20190816,20190814,20190814,NA,20190430,20190430,20190430,NA,20190430
KBSTAR_F-KOSDAQ150_Leverage_ETF,278240,20190816,20190814,20190814,NA,20190430,20190430,20190430,NA,20190430
KBSTAR_Fixed_Income_Balanced,183700,20190816,20190814,20190814,20190731,20190430,20190430,20190430,NA,20190430
KBSTAR_Global_4IR_IT_(Synth_H),276650,20190816,20190814,20190814,NA,20190731,20190731,20190731,NA,20190731
KBSTAR_HealthCare,253280,20190816,20190814,20190814,NA,20190430,20190430,20190430,20190630,20190430
KBSTAR_HealthCare_Fixed_Income_Balanced,253290,20190816,20190814,20190814,NA,20190430,20190430,20190430,NA,20190430
KBSTAR_High_Dividend,266160,20190816,20190814,20190814,NA,20190430,20190430,20190430,20190630,20190430
KBSTAR_Holding_Company,283930,20190816,20190814,20190814,NA,20190430,20190430,20190430,20190630,20190430
KBSTAR_IT_Plus,326240,20190816,20190814,20190814,NA,20190731,NA,NA,NA,NA
KBSTAR_Japan_Leverage(H),196220,20190816,20190814,20190814,20190731,20190430,20190430,20190430,NA,20190430
KBSTAR_KOSDAQ150_ETF,270810,20190816,20190814,20190814,NA,20190430,20190430,20190430,20190630,20190430
KBSTAR_KQ_High_Dividend,270800,20190816,20190814,20190814,NA,20190430,20190430,20190430,NA,20190430
KBSTAR_KQ_Momentum_LowVol,300300,20190816,20190814,20190814,NA,20190430,20190430,20190430,NA,20190430
KBSTAR_KQ_Momentum_Value,300310,20190816,20190814,20190814,NA,20190430,20190430,20190430,NA,20190430
KBSTAR_KRX300_ETF,292050,20190816,20190814,20190814,NA,20190430,20190430,20190430,20190630,20190430
KBSTAR_KRX300_Futures_Inverse,307020,20190816,20190814,20190814,NA,20190430,20190430,20190430,NA,20190430
KBSTAR_KRX300_Leverage,307010,20190816,20190814,20190814,NA,20190430,20190430,20190430,20190630,20190430
KBSTAR_KRX300_USD_Futures_Balanced,319870,20190816,20190814,20190814,NA,20190430,20190430,20190430,NA,20190430
KBSTAR_KTB_10Y_Futures,295000,20190816,20190814,20190814,NA,20190430,20190430,20190430,NA,20190430
KBSTAR_KTB_10Y_Futures_Inverse,295020,20190816,20190814,20190814,NA,20190430,20190430,20190430,NA,20190430
KBSTAR_KTB_3Y_Futures_Inverse,282000,20190816,20190814,20190814,NA,20190430,20190430,20190430,NA,20190430
KBSTAR_KTB_3_Year,114100,20190816,20190814,20190814,20190731,20190430,20190430,20190430,NA,20190430
KBSTAR_Large_Cap_High_Dividen_10_TR,315960,20190816,20190814,20190814,NA,20190430,20190430,20190430,20190630,20190430
KBSTAR_MID-LONG_Term_KTB_Active,272570,20190816,20190814,20190814,NA,20190430,20190430,20190430,NA,20190430
KBSTAR_Mid-Small_Cap_Momentum_LowVol,300280,20190816,20190814,20190814,NA,20190430,20190430,20190430,20190630,20190430
KBSTAR_Mid-Small_Cap_Momentum_Value,300290,20190816,20190814,20190814,NA,20190430,20190430,20190430,20190630,20190430
KBSTAR_Mid_Small_Cap_High_Dividend,281990,20190816,20190814,20190814,NA,20190430,20190430,20190430,20190630,20190430
KBSTAR_Momentum_LowVol,252730,20190816,20190814,20190814,NA,20190430,20190430,20190430,20190630,20190430
KBSTAR_Momentum_Value,252720,20190816,20190814,20190814,NA,20190430,20190430,20190430,20190630,20190430
KBSTAR_MSCI_China_Futures_(H),310080,20190816,20190814,20190814,NA,20190430,20190430,20190430,NA,20190430
KBSTAR_Prime_Industry,140580,20190816,20190814,20190814,20190731,20190430,20190430,20190430,20190630,20190430
KBSTAR_Short-Term_KTB_Active,272560,20190816,20190814,20190814,NA,20190430,20190430,20190430,NA,20190430
KBSTAR_Short-term_MSB,196230,20190816,20190814,20190814,20190731,20190430,20190430,20190430,NA,20190430
KBSTAR_Synth-US_S&P_Oil&Gas_E&P(H),219390,20190816,20190814,20190814,20190731,20190731,20190731,20190731,NA,20190731
KBSTAR_Top5_Group,105780,20190816,20190814,20190814,20190731,20190430,20190430,20190430,20190630,20190430
KBSTAR_US_T-Bond_Futures(H),267440,20190816,20190814,20190814,NA,20190430,20190430,20190430,NA,20190430
KBSTAR_US_T-Bond_Futures_-2X(Synth_H),267500,20190816,20190814,20190814,NA,20190630,20190630,20190630,NA,20190630
KBSTAR_US_T-Bond_Futures_2X(Synth_H),267490,20190816,20190814,20190814,NA,20190630,20190630,20190630,NA,20190630
KBSTAR_US_T-Bond_Futures_Inverse(H),267450,20190816,20190814,20190814,NA,20190430,20190430,20190430,NA,20190430
KBSTAR_V&S_Select_Value,234310,20190816,20190814,20190814,20190731,20190430,20190430,20190430,20190630,20190430
KBSTAR_V&S_Select_Value_Fixed_Income_Bal,241390,20190816,20190814,20190814,20190731,20190430,20190430,20190430,NA,20190430
KB_KBSTAR_ESG_SRI_ETF,290130,20190816,20190814,20190814,NA,20190430,20190430,20190430,20190630,20190430
KB_Star_Game_Industry,300640,20190816,20190814,20190814,NA,20190430,20190430,20190430,20190630,20190430
KB_Star_KOSPI,302450,20190816,20190814,20190814,NA,20190430,20190430,20190430,20190630,20190430
KINDEX_200,105190,20190816,20190814,20190814,20190731,20190430,20190430,20190430,20190630,20190430
KINDEX_Active_Korea_Treasury&Agency_Bd,272910,20190816,20190814,20190814,NA,20190430,20190430,20190430,NA,20190430
KINDEX_China_A_CSI300,168580,20190816,20190814,20190814,20190731,20190430,20190430,20190430,20190630,20190430
KINDEX_Dividend_Growth,211260,20190816,20190814,20190814,20190731,20190430,20190430,20190430,20190630,20190430
KINDEX_Inverse,145670,20190816,20190814,20190814,20190731,20190430,20190430,20190430,NA,20190430
KINDEX_Japan_Leverage(H),196030,20190816,20190814,20190814,20190731,20190430,20190430,20190430,NA,20190430
KINDEX_Japan_Nikkei225(H),238720,20190816,20190814,20190814,20190731,20190430,20190430,20190430,20190630,20190430
KINDEX_Korean_Culture,226380,20190816,20190814,20190814,20190731,20190430,20190430,20190430,20190630,20190430
KINDEX_KOSDAQ(Synth),251890,20190814,20190814,20190814,NA,20190630,20190630,20190630,NA,20190630
KINDEX_KOSPI,305050,20190816,20190814,20190814,NA,20190430,20190430,20190430,20190630,20190430
KINDEX_KTB_Futures_Inverse,299080,20190816,20190814,20190814,NA,20190430,20190430,20190430,NA,20190430
KINDEX_Leverage,152500,20190816,20190814,20190814,20190731,20190430,20190430,20190430,20190630,20190430
KINDEX_LKTB_Futures_Inverse,299070,20190816,20190814,20190814,NA,20190430,20190430,20190430,NA,20190430
KINDEX_Money_Market,190620,20190816,20190814,20190814,20190731,20190430,20190430,20190430,NA,20190430
KINDEX_MSCI_Indonesia(Synth),256440,20190816,20190814,20190814,NA,20190731,20190731,20190731,NA,20190731
KINDEX_MSCI_Mexico(Synth)_ETF,291130,20190816,20190814,20190814,NA,20190630,20190630,20190630,NA,20190630
KINDEX_MSCI_Philippines(Synth),261920,20190816,20190814,20190814,NA,20190731,20190731,20190731,NA,20190731
KINDEX_MSCI_Russia(Synth),265690,20190816,20190814,20190814,NA,20190731,20190731,20190731,NA,20190731
KINDEX_S&P_Asia_Top50_ETF,277540,20190816,20190814,20190814,NA,20190430,20190430,20190430,20190630,20190430
KINDEX_Samsung_Group_EW,131890,20190816,20190814,20190814,20190731,20190430,20190430,20190430,20190630,20190430
KINDEX_Samsung_Group_SW,108450,20190816,20190814,20190814,20190731,20190430,20190430,20190430,20190630,20190430
KINDEX_Singapore_REITs,316300,20190816,20190814,20190814,NA,20190430,20190430,20190430,20190630,20190430
KINDEX_Smart_High_Beta,322150,20190816,20190814,20190814,NA,20190430,20190430,20190430,20190630,20190430
KINDEX_Smart_Low_Volatility,322130,20190816,20190814,20190814,NA,20190430,20190430,20190430,20190630,20190430
KINDEX_Smart_Momentum,272220,20190816,20190814,20190814,NA,20190430,20190430,20190430,20190630,20190430
KINDEX_Smart_Quality,322120,20190816,20190814,20190814,NA,20190430,20190430,20190430,20190630,20190430
KINDEX_Smart_Value,272230,20190816,20190814,20190814,NA,20190430,20190430,20190430,20190630,20190430
KINDEX_Synth-China_Leverage,219900,20190816,20190814,20190814,20190731,20190731,NA,NA,NA,NA
KINDEX_Synth-Gold_Futures_Inverse2X(H),232590,20190816,20190814,20190814,20190731,20190630,20190630,20190630,NA,20190630
KINDEX_Synth-Gold_Futures_Leverage(H),225130,20190816,20190814,20190814,20190731,20190630,20190630,20190630,NA,20190630
KINDEX_Synth-Japan_Inverse(H),205720,20190816,20190814,20190814,20190731,20190630,20190630,20190630,NA,20190630
KINDEX_Synth-USRET(H),181480,20190816,20190814,20190814,20190731,20190731,20190731,20190731,NA,20190731
KINDEX_Treasury_Bond,114460,20190816,20190814,20190814,20190731,20190430,20190430,20190430,NA,20190430
KINDEX_US_Internet_ETF(Synth_H),280320,20190816,20190814,20190814,NA,20190731,20190731,20190731,NA,20190731
KINDEX_US_Wide_Moat,309230,20190816,20190814,20190814,NA,20190430,20190430,20190430,20190630,20190430
KINDEX_Value_Large_ETF,143460,20190816,20190814,20190814,20190731,20190430,20190430,20190430,20190630,20190430
KINDEX_VietnamVN30(Synth),245710,20190816,20190814,20190814,20190731,20190731,NA,NA,NA,NA
KODEX_10Y_F-LKTB,152380,20190816,20190814,20190814,20190731,20190430,20190430,20190430,NA,20190430
KODEX_10Y_F-LKTB_Inverse,176950,20190816,20190814,20190814,20190731,20190430,20190430,20190430,NA,20190430
KODEX_200,069500,20190816,20190814,20190814,20190731,20190430,20190430,20190430,20190630,20190430
KODEX_200_EW,252650,20190816,20190814,20190814,NA,20190430,20190430,20190430,20190630,20190430
KODEX_200_Futures_Inverse_2X,252670,20190816,20190814,20190814,NA,20190430,20190430,20190430,NA,20190430
KODEX_200_Intrinsic_Value,223190,20190816,20190814,20190814,20190731,20190430,20190430,20190430,20190630,20190430
KODEX_200_Mid-Small,226980,20190816,20190814,20190814,20190731,20190430,20190430,20190430,20190630,20190430
KODEX_200_Total_Return,278530,20190816,20190814,20190814,NA,20190430,20190430,20190430,20190630,20190430
KODEX_200_US_Treasury_Notes_Balanced,284430,20190816,20190814,20190814,NA,20190430,20190430,20190430,NA,20190430
KODEX_3Y_F-KTB_Inverse_ETF,292770,20190816,20190814,20190814,NA,20190430,20190430,20190430,NA,20190430
"KODEX_Active_Korea_FRN(Bank_1Y,_AAA)",273140,20190816,20190814,20190814,NA,20190430,20190430,20190430,NA,20190430
KODEX_Active_Korea_Total_Bond_Market_AA-,273130,20190816,20190814,20190814,NA,20190430,20190430,20190430,NA,20190430
KODEX_AUTOs,091180,20190816,20190814,20190814,20190731,20190430,20190430,20190430,20190630,20190430
KODEX_BANKs,091170,20190816,20190814,20190814,20190731,20190430,20190430,20190430,20190630,20190430
KODEX_BIO,244580,20190816,20190814,20190814,20190731,20190430,20190430,20190430,20190630,20190430
KODEX_China_CSI300,283580,20190816,20190814,20190814,NA,20190430,20190430,20190430,NA,20190430
KODEX_China_H,099140,20190816,20190814,20190814,20190731,20190430,20190430,20190430,20190630,20190430
KODEX_China_H_Futures_Inverse_ETF(H),291660,20190816,20190814,20190814,NA,20190430,20190430,20190430,NA,20190430
KODEX_China_H_Leverage(H),204450,20190816,20190814,20190814,20190731,20190430,20190430,20190430,20180831,20190430
KODEX_ChiNext_ETF(Synth),256750,20190816,20190814,20190814,NA,20190630,20190630,20190630,NA,20190630
KODEX_Constructions,117700,20190816,20190814,20190814,20190731,20190430,20190430,20190430,20190630,20190430
KODEX_Consumer_Discretionary,266390,20190816,20190814,20190814,NA,20190430,20190430,20190430,20190630,20190430
KODEX_Consumer_Staples,266410,20190816,20190814,20190814,NA,20190430,20190430,20190430,20190630,20190430
KODEX_Copper_Futures(H),138910,20190816,20190814,20190814,20190731,20190430,20190430,20190430,NA,20190430
KODEX_Dividend_Growth,211900,20190816,20190814,20190814,20190731,20190430,20190430,20190430,20190630,20190430
KODEX_Dividend_Value,325020,20190816,20190814,20190814,NA,20190731,NA,NA,NA,NA
KODEX_Energy&Chimicals,117460,20190816,20190814,20190814,20190731,20190430,20190430,20190430,20190630,20190430
KODEX_FANG_Plus_(H),314250,20190816,20190814,20190814,NA,20190430,20190430,20190430,20190630,20190430
KODEX_FnKorea50,296710,20190813,20190814,20190814,NA,20190430,20190430,20190430,20190630,20190430
KODEX_Fn_Growth,325010,20190816,20190814,20190814,NA,20190731,NA,NA,NA,NA
KODEX_FTSE_China_A50,169950,20190816,20190814,20190814,20190731,20190430,20190430,20190430,20190630,20190430
KODEX_Game_Industry,300950,20190816,20190814,20190814,NA,20190430,20190430,20190430,20190630,20190430
KODEX_Gold_Futures(H),132030,20190816,20190814,20190814,20190731,20190430,20190430,20190430,NA,20190430
KODEX_Gold_Inverse_Futures,280940,20190816,20190814,20190814,NA,20190430,20190430,20190430,NA,20190430
KODEX_Grains_Futures(H),271060,20190816,20190814,20190814,NA,20190430,20190430,20190430,NA,20190430
KODEX_Growth_Div_Bal,237370,20190816,20190814,20190814,20190731,20190430,20190430,20190430,NA,20190430
KODEX_Growth_Inv,247790,20190816,20190814,20190814,20190731,20190430,20190430,20190430,20190630,20190430
KODEX_Healthcare,266420,20190816,20190814,20190814,NA,20190430,20190430,20190430,20190630,20190430
KODEX_High_Dividend,279530,20190816,20190814,20190814,NA,20190430,20190430,20190430,20190630,20190430
KODEX_Insurance,140700,20190816,20190814,20190814,20190731,20190430,20190430,20190430,20190630,20190430
KODEX_Inverse,114800,20190816,20190814,20190814,20190731,20190430,20190430,20190430,NA,20190430
KODEX_IT_ETF,266370,20190816,20190814,20190814,NA,20190430,20190430,20190430,20190630,20190430
KODEX_Japan_TOPIX100,101280,20190816,20190814,20190814,20190731,20190430,20190430,20190430,20190630,20190430
KODEX_Korea_Taiwan_IT_Premier,298770,20190816,20190814,20190814,NA,20190430,20190430,20190430,20190630,20190430
KODEX_KOSDAQ150_INVERSE,251340,20190816,20190814,20190814,NA,20190430,20190430,20190430,NA,20190430
KODEX_KOSDAQ150_Leverage,233740,20190816,20190814,20190814,20190731,20190430,20190430,20190430,20190630,20190430
KODEX_KOSDAQ_150,229200,20190816,20190814,20190814,20190731,20190430,20190430,20190430,20190630,20190430
KODEX_KOSPI,226490,20190816,20190814,20190814,20190731,20190430,20190430,20190430,20190630,20190430
KODEX_KOSPI_100_ETF,237350,20190816,20190814,20190814,20190731,20190430,20190430,20190430,20190630,20190430
KODEX_KRW_Cash,153130,20190816,20190814,20190814,20190731,20190430,20190430,20190430,NA,20190430
KODEX_KRW_Cash_Plus,214980,20190816,20190814,20190814,20190731,20190430,20190430,20190430,NA,20190430
KODEX_KRX300_ETF,292190,20190816,20190814,20190814,NA,20190430,20190430,20190430,20190630,20190430
KODEX_KRX300_Futures_Inverse,306960,20190816,20190814,20190814,NA,20190430,20190430,20190430,NA,20190430
KODEX_KRX300_Leverage,306950,20190816,20190814,20190814,NA,20190430,20190430,20190430,20190630,20190430
KODEX_KTOP30,229720,20190816,20190814,20190814,20190731,20190430,20190430,20190430,20190630,20190430
KODEX_Leverage,122630,20190816,20190814,20190814,20190731,20190430,20190430,20190430,20190630,20190430
KODEX_Machinary_&_Equipment,102960,20190816,20190814,20190814,20190731,20190430,20190430,20190430,20190630,20190430
KODEX_Media_&_Entertainment_ETF,266360,20190816,20190814,20190814,NA,20190430,20190430,20190430,20190630,20190430
KODEX_Min_Vol,279540,20190816,20190814,20190814,NA,20190430,20190430,20190430,20190630,20190430
KODEX_Momentum_Plus,244620,20190816,20190814,20190814,20190731,20190430,20190430,20190430,20190630,20190430
KODEX_Morningstar_Multiasset_High_Inc_H,321410,20190816,20190814,20190814,NA,20190731,NA,NA,NA,NA
KODEX_MSCI_Enhanced_Value,275290,20190816,20190814,20190814,NA,20190430,20190430,20190430,20190630,20190430
KODEX_MSCI_ESG_Universal_ETF,289040,20190814,20190814,20190814,NA,20190430,20190430,20190430,20190630,20190430
KODEX_MSCI_Korea,156080,20190816,20190814,20190814,20190731,20190430,20190430,20190430,20190630,20190430
KODEX_MSCI_Korea_Total_Return,278540,20190816,20190814,20190814,NA,20190430,20190430,20190430,20190630,20190430
KODEX_MSCI_Momentum,275280,20190816,20190814,20190814,NA,20190430,20190430,20190430,20190630,20190430
KODEX_MSCI_Quality,275300,20190816,20190814,20190814,NA,20190430,20190430,20190430,20190630,20190430
KODEX_MSCI_World,251350,20190816,20190814,20190814,NA,20190430,20190430,20190430,20190630,20190430
KODEX_Quality_Plus,244660,20190816,20190814,20190814,20190731,20190430,20190430,20190430,20190630,20190430
KODEX_Robo_ETF-Synth,276990,20190816,20190814,20190814,NA,20190630,20190630,20190630,NA,20190630
KODEX_S&P500_Futures(H),219480,20190816,20190814,20190814,20190731,20190430,20190430,20190430,NA,20190430
KODEX_S&P_GInfra-Synth,269420,20190816,20190814,20190814,NA,20190630,20190630,20190630,NA,20190630
KODEX_Sams_Value,213610,20190816,20190814,20190814,20190731,20190430,20190430,20190430,20190630,20190430
KODEX_Secondary_Battery_Industry,305720,20190816,20190814,20190814,NA,20190430,20190430,20190430,20190630,20190430
KODEX_Securities,102970,20190816,20190814,20190814,20190731,20190430,20190430,20190430,20190630,20190430
KODEX_Semicon,091160,20190816,20190814,20190814,20190731,20190430,20190430,20190430,20190630,20190430
KODEX_SGX_MSCI_EM_Futures_ETF(H),291890,20190816,20190814,20190814,NA,20190430,20190430,20190430,NA,20190430
KODEX_Silver_Futures(H),144600,20190816,20190814,20190814,20190731,20190430,20190430,20190430,NA,20190430
KODEX_Soybeans_Futures(H),138920,20190816,20190814,20190814,20190731,20190430,20190430,20190430,NA,20190430
KODEX_Steels,117680,20190816,20190814,20190814,20190731,20190430,20190430,20190430,20190630,20190430
KODEX_Synth-US_BIO,185680,20190816,20190814,20190814,20190731,20190731,20190731,20190731,NA,20190731
KODEX_Synth-US_Energy,218420,20190816,20190814,20190814,20190731,20190731,NA,NA,NA,NA
KODEX_Synth-US_Financials,200040,20190816,20190814,20190814,20190731,20190731,20190731,20190731,NA,20190731
KODEX_Synth-US_Industrial,200030,20190816,20190814,20190814,20190731,20190731,20190731,20190731,NA,20190731
KODEX_Synth-US_IT,200020,20190816,20190814,20190814,20190731,20190731,20190731,20190731,NA,20190731
KODEX_Synth-US_S&P_Div_Covered_Call,276970,20190816,20190814,20190814,NA,20180630,20180630,20180630,NA,20180630
KODEX_T-Note_Futures,308620,20190816,20190814,20190814,NA,20190430,20190430,20190430,NA,20190430
KODEX_TBOND_3Y,114260,20190816,20190814,20190814,20190731,20190430,20190430,20190430,NA,20190430
KODEX_Top5Plus_Total_Return,315930,20190816,20190814,20190814,NA,20190430,20190430,20190430,20190630,20190430
KODEX_Transportation,140710,20190816,20190814,20190814,20190731,20190430,20190430,20190430,20190630,20190430
KODEX_TRF3070,329650,20190816,20190814,20190814,NA,20190731,NA,NA,NA,NA
KODEX_TRF5050,329660,20190816,20190814,20190814,NA,20190731,NA,NA,NA,NA
KODEX_TRF7030,329670,20190816,20190814,20190814,NA,20190731,NA,NA,NA,NA
KODEX_Turnaround_Inv,247800,20190816,20190814,20190814,20190731,20190430,20190430,20190430,20190630,20190430
KODEX_ULTRA_T-Bond_Futures(H),304660,20190816,20190814,20190814,NA,20190430,20190430,20190430,NA,20190430
KODEX_ULTRA_T-Bond_Futures_Inverse(H),304670,20190816,20190814,20190814,NA,20190430,20190430,20190430,NA,20190430
KODEX_USD_Futures,261240,20190816,20190814,20190814,NA,20190430,20190430,20190430,NA,20190430
KODEX_USD_Futures_Inverse,261270,20190816,20190814,20190814,NA,20190430,20190430,20190430,NA,20190430
KODEX_USD_Futures_Inverse2X,261260,20190816,20190814,20190814,NA,20190430,20190430,20190430,NA,20190430
KODEX_USD_Futures_Leverage,261250,20190816,20190814,20190814,NA,20190430,20190430,20190430,NA,20190430
KODEX_US_Nasdaq100_Futures_ETF(H),304940,20190816,20190814,20190814,NA,20190430,20190430,20190430,NA,20190430
KODEX_US_Russell_2000(H),280930,20190816,20190814,20190814,NA,20190430,20190430,20190430,NA,20190430
KODEX_Value_Inv,247780,20190816,20190814,20190814,20190731,20190430,20190430,20190430,20190630,20190430
KODEX_Value_Plus,244670,20190816,20190814,20190814,20190731,20190430,20190430,20190430,20190630,20190430
KODEX_WTIOILF(H),261220,20190816,20190814,20190814,NA,20190430,20190430,20190430,NA,20190430
KODEX_WTI_Crude_Oil_Futures_Inverse(H),271050,20190816,20190814,20190814,NA,20190430,20190430,20190430,NA,20190430
KOSEF_100,153270,20190816,20190814,20190814,20190731,20190430,20190430,20190430,20190630,20190430
KOSEF_10YKTB,148070,20190816,20190814,20190814,20190731,20190430,20190430,20190430,NA,20190430
KOSEF_10YKTB_Leverage,167860,20190816,20190814,20190814,20190731,20190430,20190430,20190430,NA,20190430
KOSEF_200,069660,20190816,20190814,20190814,20190731,20190430,20190430,20190430,20190630,20190430
KOSEF_200_Futures,152280,20190816,20190814,20190814,20190731,20190430,20190430,20190430,NA,20190430
KOSEF_200_Futures_Inverse,253240,20190816,20190814,20190814,NA,20190430,20190430,20190430,NA,20190430
KOSEF_200_Futures_Inverse_2X,253230,20190816,20190814,20190814,NA,20190430,20190430,20190430,NA,20190430
KOSEF_200_Futures_Leverage,253250,20190816,20190814,20190814,NA,20190430,20190430,20190430,NA,20190430
KOSEF_200_Total_Return_ETF,294400,20190816,20190814,20190814,NA,20190430,20190430,20190430,20190630,20190430
KOSEF_Bluechip,104520,20190816,20190814,20190814,20190731,20190430,20190430,20190430,20190630,20190430
KOSEF_Dividend_Buyback_Plus,260200,20190816,20190814,20190814,NA,20190430,20190430,20190430,20190630,20190430
KOSEF_Enhanced_Cash,130730,20190816,20190814,20190814,20190731,20190430,20190430,20190430,NA,20190430
KOSEF_Fn_Mid_Small_Cap,331910,20190816,20190814,20190814,NA,20190731,NA,NA,NA,NA
KOSEF_H_Dividend,104530,20190816,20190814,20190814,20190731,20190430,20190430,20190430,20190630,20190430
KOSEF_KOSDAQ150,316670,20190816,20190814,20190814,NA,20190430,20190430,20190430,20190630,20190430
KOSEF_KOSDAQ150_Futures_ETF,291610,20190816,20190814,20190814,NA,20190430,20190430,20190430,NA,20190430
KOSEF_KOSDAQ150_Futures_Inverse_ETF,291620,20190816,20190814,20190814,NA,20190430,20190430,20190430,NA,20190430
KOSEF_KOSDAQ150_Futures_Leverage_ETF,291630,20190816,20190814,20190814,NA,20190430,20190430,20190430,NA,20190430
KOSEF_KRX100,100910,20190816,20190814,20190814,20190731,20190430,20190430,20190430,20190630,20190430
KOSEF_KTB,114470,20190816,20190814,20190814,20190731,20190430,20190430,20190430,NA,20190430
KOSEF_Low_PBR_Weighted,260270,20190816,20190814,20190814,NA,20190430,20190430,20190430,20190630,20190430
KOSEF_MSB,122260,20190816,20190814,20190814,20190731,20190430,20190430,20190430,NA,20190430
KOSEF_Synth-India,200250,20190816,20190814,20190814,20190731,20190630,20190630,20190630,NA,20190630
KOSEF_Synth-USD_Futures_Inverse_2X,230480,20190816,20190814,20190814,20190731,20190630,20190630,20190630,NA,20190630
KOSEF_USD_Futures,138230,20190816,20190814,20190814,20190731,20190430,20190430,20190430,NA,20190430
KOSEF_USD_Futures_Leverage,225800,20190816,20190814,20190814,20190731,20190630,20190630,20190630,NA,20190630
KOSEF_USD_Inverse_Futures,139660,20190816,20190814,20190814,20190731,20190430,20190430,20190430,NA,20190430
KTOP_KOSPI50,168300,20190816,20190814,20190814,20190731,20190430,20190430,20190430,20190630,20190430
MIDAS_COVERED_CALL,137930,20190813,20190814,20190814,20190731,20190430,20190430,20190430,20190630,20190430
Mighty_K100,159800,20190809,20190814,20190814,20190731,20190430,20190430,20190430,20190630,20190430
Mighty_KOSPI200_Covered_Call_ATM_Levg,292340,20190816,20190814,20190814,NA,20190430,20190430,20190430,20190630,20190430
Mighty_KOSPIHD,211210,20190808,20190814,20190814,20190731,20190430,20190430,20190430,20190630,20190430
MiraeAsset_Tiger_Synth-MS_Glb_ExpTech(H),275980,20190816,20190814,20190814,NA,20190731,20190731,20190731,NA,20190731
MiraeAsset_Tiger_Synth-MS_Glb_UpstrNR(H),276000,20190816,20190814,20190814,NA,20190731,20190731,20190731,NA,20190731
POWER_K100,140950,20190816,20190814,20190814,20190731,20190430,20190430,20190430,20190630,20190430
POWER_K200,152870,20190816,20190814,20190814,20190731,20190430,20190430,20190430,20190630,20190430
POWER_KTB_ETF,176710,20190809,20190814,20190814,20190731,20190430,20190430,20190430,NA,20190430
POWER_LVHD,192720,20190816,20190814,20190814,20190731,20190430,20190430,20190430,20190630,20190430
Power_Smart_Value,275540,20190816,20190814,20190814,NA,20190430,20190430,20190430,20190630,20190430
Samsung_KODEX_Samsung_Group_ETF,102780,20190816,20190814,20190814,20190731,20190430,20190430,20190430,20190630,20190430
Smart_200_TR_ETF,295040,20190816,20190814,20190814,NA,20190430,20190430,20190430,20190630,20190430
Smart_KRX300_ETF,292500,20190816,20190814,20190814,NA,20190430,20190430,20190430,20190630,20190430
SMART_Synth-CSI500(H),220130,20190816,20190814,20190814,20190731,20190630,20190630,20190630,NA,20190630
SMART_Synth-MSCI_Developed_Market(H),208470,20190816,20190814,20190814,20190731,20190731,20190731,20190731,NA,20190731
TIGER_10Y_US_Treasury_Note_Future,305080,20190816,20190814,20190814,NA,20190430,20190430,20190430,NA,20190430
TIGER_200,102110,20190816,20190814,20190814,20190731,20190430,20190430,20190430,20190630,20190430
TIGER_200_Communication_Service,315270,20190816,20190814,20190814,NA,20190430,20190430,20190430,20190630,20190430
TIGER_200_Constructions,139220,20190816,20190814,20190814,20190731,20190430,20190430,20190430,20190630,20190430
TIGER_200_Consumer_Staples,227560,20190816,20190814,20190814,20190731,20190430,20190430,20190430,20190630,20190430
TIGER_200_Covered_Call_ATM_ETF,289480,20190816,20190814,20190814,NA,20190430,20190430,20190430,20190630,20190430
TIGER_200_Discretionary,139290,20190816,20190814,20190814,20190731,20190430,20190430,20190430,20190630,20190430
TIGER_200_Energy,139250,20190816,20190814,20190814,20190731,20190430,20190430,20190430,20190630,20190430
TIGER_200_Energy_&_Leverage,243890,20190816,20190814,20190814,20190731,20190430,20190430,20190430,20190630,20190430
TIGER_200_EW,252000,20190816,20190814,20190814,NA,20190430,20190430,20190430,20190630,20190430
TIGER_200_Financials,139270,20190816,20190814,20190814,20190731,20190430,20190430,20190430,20190630,20190430
TIGER_200_Futures_Inverse_2X,252710,20190816,20190814,20190814,NA,20190430,20190430,20190430,NA,20190430
TIGER_200_Futures_Leverage,267770,20190816,20190814,20190814,NA,20190430,20190430,20190430,NA,20190430
TIGER_200_Health_Care,227540,20190816,20190814,20190814,20190731,20190430,20190430,20190430,20190630,20190430
TIGER_200_Heavy_Industry,139230,20190816,20190814,20190814,20190731,20190430,20190430,20190430,20190630,20190430
TIGER_200_Industrials,227550,20190816,20190814,20190814,20190731,20190430,20190430,20190430,20190630,20190430
TIGER_200_IT,139260,20190816,20190814,20190814,20190731,20190430,20190430,20190430,20190630,20190430
TIGER_200_IT_Leverage,243880,20190816,20190814,20190814,20190731,20190430,20190430,20190430,20190630,20190430
TIGER_200_Steels,139240,20190816,20190814,20190814,20190731,20190430,20190430,20190430,20190630,20190430
Tiger_200_Total_Return,310960,20190816,20190814,20190814,NA,20190430,20190430,20190430,20190630,20190430
TIGER_Agriculture,137610,20190816,20190814,20190814,20190731,20190430,20190430,20190430,NA,20190430
TIGER_Banks_ETF,091220,20190816,20190814,20190814,20190731,20190430,20190430,20190430,20190630,20190430
TIGER_Beta_Plus,170350,20190814,20190814,20190814,20190731,20190430,20190430,20190430,20190630,20190430
TIGER_C200,166400,20190816,20190814,20190814,20190731,20190430,20190430,20190430,20190630,20190430
TIGER_China,117690,20190816,20190814,20190814,20190731,20190430,20190430,20190430,20190630,20190430
TIGER_China_A300,192090,20190816,20190814,20190814,20190731,20190430,20190430,20190430,NA,20190430
TIGER_China_Consumer,150460,20190816,20190814,20190814,20190731,20190430,20190430,20190430,20190630,20190430
TIGER_China_H-Share,245360,20190816,20190814,20190814,20190731,20190430,20190430,20190430,20190630,20190430
TIGER_Consumer_Goods_Balanced,237440,20190816,20190814,20190814,20190731,20190430,20190430,20190430,NA,20190430
TIGER_Contrarian,217790,20190816,20190814,20190814,20190731,20190430,20190430,20190430,20190630,20190430
TIGER_Cosmetics,228790,20190816,20190814,20190814,20190731,20190430,20190430,20190430,20190630,20190430
TIGER_DIV_Growth,211560,20190816,20190814,20190814,20190731,20190430,20190430,20190430,20190630,20190430
TIGER_Dow_Jones_30,245340,20190816,20190814,20190814,20190731,20190430,20190430,20190430,20190630,20190430
TIGER_EURO_STOXX_Dividend_30,245350,20190816,20190814,20190814,20190731,20190430,20190430,20190430,20190630,20190430
TIGER_Gold&Silver,139320,20190816,20190814,20190814,20190731,20190430,20190430,20190430,NA,20190430
TIGER_Gold_Futures_(H),319640,20190816,20190814,20190814,NA,20190430,20190430,20190430,NA,20190430
TIGER_Healthcare_Equip,307510,20190816,20190814,20190814,NA,20190430,20190430,20190430,NA,20190430
TIGER_Health_Care,143860,20190816,20190814,20190814,20190731,20190430,20190430,20190430,20190630,20190430
TIGER_High_Dividend,210780,20190816,20190814,20190814,20190731,20190430,20190430,20190430,20190630,20190430
TIGER_Holdings_Company,307520,20190816,20190814,20190814,NA,20190430,20190430,20190430,20190630,20190430
TIGER_Hyundai_Group+,138540,20190816,20190814,20190814,20190731,20190430,20190430,20190430,20190630,20190430
TIGER_Inverse,123310,20190816,20190814,20190814,20190731,20190430,20190430,20190430,NA,20190430
TIGER_JPYKRW_Futures_ETF,292560,20190816,20190814,20190814,NA,20190430,20190430,20190430,NA,20190430
TIGER_JPYKRW_Futures_Inverse_2X_ETF,292590,20190816,20190814,20190814,NA,20190430,20190430,20190430,NA,20190430
TIGER_JPYKRW_Futures_Inverse_ETF,292580,20190814,20190814,20190814,NA,20190430,20190430,20190430,NA,20190430
TIGER_JPYKRW_Futures_Leverage_ETF,292570,20190816,20190814,20190814,NA,20190430,20190430,20190430,NA,20190430
TIGER_K-Game_ETF,300610,20190816,20190814,20190814,NA,20190430,20190430,20190430,20190630,20190430
TIGER_KOSDAQ150,232080,20190816,20190814,20190814,20190731,20190430,20190430,20190430,20190630,20190430
TIGER_KOSDAQ150_Biotech,261070,20190816,20190814,20190814,NA,20190430,20190430,20190430,20190630,20190430
TIGER_KOSDAQ150_Inverse,250780,20190816,20190814,20190814,NA,20190430,20190430,20190430,NA,20190430
TIGER_KOSDAQ150_IT,261060,20190816,20190814,20190814,NA,20190430,20190430,20190430,20190630,20190430
TIGER_KOSDAQ150_Leverage,233160,20190816,20190814,20190814,20190731,20190430,20190430,20190430,20190630,20190430
TIGER_KOSDAQ150_Low_Vol,267300,20190814,20190814,20190814,NA,20190430,20190430,20190430,20190630,20190430
TIGER_KOSPI,277630,20190816,20190814,20190814,NA,20190430,20190430,20190430,20190630,20190430
TIGER_KOSPI_Largecap,277640,20190816,20190814,20190814,NA,20190430,20190430,20190430,20190630,20190430
TIGER_KOSPI_Midcap,277650,20190816,20190814,20190814,NA,20190430,20190430,20190430,20190630,20190430
TIGER_KRX100_ETF,091210,20190816,20190814,20190814,20190731,20190430,20190430,20190430,20190630,20190430
TIGER_KRX300_ETF,292160,20190816,20190814,20190814,NA,20190430,20190430,20190430,20190630,20190430
TIGER_KRX300_Futures_Inverse,307620,20190816,20190814,20190814,NA,20190430,20190430,20190430,NA,20190430
TIGER_KRX300_Leverage,307610,20190816,20190814,20190814,NA,20190430,20190430,20190430,20190630,20190430
TIGER_KTB3Y,114820,20190816,20190814,20190814,20190731,20190430,20190430,20190430,NA,20190430
TIGER_KTB_10Y_Futures_Inverse,302180,20190816,20190814,20190814,NA,20190430,20190430,20190430,NA,20190430
TIGER_KTB_3-10,302190,20190816,20190814,20190814,NA,20190430,20190430,20190430,NA,20190430
TIGER_KTB_3-10_Futures_Inverse,302200,20190816,20190814,20190814,NA,20190430,20190430,20190430,NA,20190430
TIGER_KTB_3-10_Futures_Inverse_2X,302210,20190816,20190814,20190814,NA,20190430,20190430,20190430,NA,20190430
TIGER_KTB_3Y_Futures_Inverse,302170,20190816,20190814,20190814,NA,20190430,20190430,20190430,NA,20190430
TIGER_KTOP30,228820,20190816,20190814,20190814,20190731,20190430,20190430,20190430,20190630,20190430
TIGER_Large_Growth_ETF,292100,20190816,20190814,20190814,NA,20190430,20190430,20190430,20190630,20190430
TIGER_Large_Value_ETF,292110,20190816,20190814,20190814,NA,20190430,20190430,20190430,20190630,20190430
TIGER_Latin,105010,20190816,20190814,20190814,20190731,20190430,20190430,20190430,20190630,20190430
TIGER_Leverage,123320,20190816,20190814,20190814,20190731,20190430,20190430,20190430,20190630,20190430
TIGER_LG_GROUP+,138530,20190816,20190814,20190814,20190731,20190430,20190430,20190430,20190630,20190430
TIGER_Media&Telecom,098560,20190816,20190814,20190814,20190731,20190430,20190430,20190430,20190630,20190430
TIGER_Media_Contents,228810,20190816,20190814,20190814,20190731,20190430,20190430,20190430,20180831,20190430
TIGER_Metal,139310,20190816,20190814,20190814,20190731,20190430,20190430,20190430,NA,20190430
TIGER_Mid_Small_ETF,292120,20190816,20190814,20190814,NA,20190430,20190430,20190430,20190630,20190430
TIGER_Mid_Small_Growth_ETF,292130,20190816,20190814,20190814,NA,20190430,20190430,20190430,20190630,20190430
TIGER_Mid_Small_Value_ETF,292140,20190816,20190814,20190814,NA,20190430,20190430,20190430,20190630,20190430
TIGER_Momentum,147970,20190816,20190814,20190814,20190731,20190430,20190430,20190430,20190630,20190430
TIGER_Money_Market,157450,20190816,20190814,20190814,20190731,20190430,20190430,20190430,NA,20190430
TIGER_Money_Market_Active,272580,20190816,20190814,20190814,NA,20190430,20190430,20190430,20190630,20190430
TIGER_MSCI_Korea_ESG_Leaders_ETF,289260,20190816,20190814,20190814,NA,20190430,20190430,20190430,20190630,20190430
TIGER_MSCI_Korea_ESG_Universal_ETF,289250,20190816,20190814,20190814,NA,20190430,20190430,20190430,20190630,20190430
TIGER_MSCI_Korea_Total_Return,310970,20190816,20190814,20190814,NA,20190430,20190430,20190430,20190630,20190430
TIGER_NASDAQ100,133690,20190816,20190814,20190814,20190731,20190430,20190430,20190430,20190630,20190430
TIGER_NASDAQ_BIO,203780,20190816,20190814,20190814,20190731,20190430,20190430,20190430,20190630,20190430
TIGER_NIKKEI225,241180,20190816,20190814,20190814,20190731,20190430,20190430,20190430,20190630,20190430
TIGER_Physical_Copper,160580,20190816,20190814,20190814,20190731,20190430,20190430,20190430,NA,20190430
TIGER_Preferred_Stock,261140,20190816,20190814,20190814,NA,20190430,20190430,20190430,20190630,20190430
TIGER_Quality_Value,227570,20190816,20190814,20190814,20190731,20190430,20190430,20190430,20190630,20190430
TIGER_Real_Estate_Infra_High_Dividend,329200,20190816,20190814,20190814,NA,20190731,NA,NA,NA,NA
TIGER_S&P500,143850,20190816,20190814,20190814,20190731,20190430,20190430,20190430,NA,20190430
TIGER_S&P500_Inverse(H),225030,20190816,20190814,20190814,20190731,20190430,20190430,20190430,NA,20190430
TIGER_Samsung_Group,138520,20190816,20190814,20190814,20190731,20190430,20190430,20190430,20190630,20190430
TIGER_Secondary_Cell,305540,20190816,20190814,20190814,NA,20190430,20190430,20190430,20190630,20190430
TIGER_Securities,157500,20190816,20190814,20190814,20190731,20190430,20190430,20190430,20190630,20190430
TIGER_Semicon_ETF,091230,20190816,20190814,20190814,20190731,20190430,20190430,20190430,20190630,20190430
TIGER_Software,157490,20190816,20190814,20190814,20190731,20190430,20190430,20190430,20190630,20190430
TIGER_Staples,139280,20190816,20190814,20190814,20190731,20190430,20190430,20190430,20190630,20190430
TIGER_Sustainable_Dividend,266140,20190816,20190814,20190814,NA,20190430,20190430,20190430,20190630,20190430
TIGER_Synth-China_A_Inverse,217780,20190816,20190814,20190814,20190731,20190630,20190630,20190630,NA,20190630
TIGER_Synth-China_A_Leverage,204480,20190816,20190814,20190814,20190731,20190731,NA,NA,NA,NA
TIGER_Synth-Emerging_Market_Leverage(H),225060,20190816,20190814,20190814,20190731,20190731,20190731,20190731,NA,20190731
TIGER_Synth-EURO_STOXX_50(H),195930,20190816,20190814,20190814,20190731,20190731,20190731,20190731,NA,20190731
TIGER_Synth-EURO_STOXX_50_Leverage(H),225050,20190816,20190814,20190814,20190731,20190731,20190731,20190731,NA,20190731
TIGER_Synth-Global_Healthcare,248270,20190816,20190814,20190814,20190731,20190630,20190630,20190630,NA,20190630
TIGER_Synth-HY(H),182490,20190816,20190814,20190814,20190731,20190630,20190630,20190630,NA,20190630
TIGER_Synth-India_Leverage,236350,20190816,20190814,20190814,20190731,20190630,20190630,20190630,NA,20190630
TIGER_Synth-Japan(H),195920,20190816,20190814,20190814,20190731,20140430,20140430,20140430,NA,20140430
TIGER_Synth-Japan_Healthcare,248260,20190816,20190814,20190814,20190731,20190630,20190630,20190630,NA,20190630
TIGER_Synth-MSCI_US_REIT(H),182480,20190816,20190814,20190814,20190731,20190731,20190731,20190731,NA,20190731
TIGER_Synth-S&P500_Leverage(H),225040,20190816,20190814,20190814,20190731,20190630,20190630,20190630,NA,20190630
TIGER_Synth-S&P_Global_Infrastructure,269370,20190816,20190814,20190814,NA,20190630,20190630,20190630,NA,20190630
TIGER_Taiwan_TAIEX(H),253990,20190816,20190814,20190814,NA,20190430,20190430,20190430,NA,20190430
TIGER_Top10_ETF,292150,20190816,20190814,20190814,NA,20190430,20190430,20190430,20190630,20190430
TIGER_Tour_Leisure,228800,20190816,20190814,20190814,20190731,20190430,20190430,20190430,20190630,20190430
TIGER_USD_Futures_Inverse2X,261120,20190816,20190814,20190814,NA,20190430,20190430,20190430,NA,20190430
TIGER_USD_Futures_Leverage,261110,20190816,20190814,20190814,NA,20190430,20190430,20190430,NA,20190430
TIGER_USD_Money_Market_Active,329750,20190816,20190814,20190814,NA,20190731,NA,NA,NA,NA
TIGER_WTI_Futures,130680,20190816,20190814,20190814,20190731,20190430,20190430,20190430,NA,20190430
TIGER_WTI_Inverse(H),217770,20190816,20190814,20190814,20190731,20190430,20190430,20190430,NA,20190430
TREX_200,108590,20190816,20190814,20190814,20190731,20190430,20190430,20190430,20190630,20190430
TREX_Fundamental_200,145850,20190816,20190814,20190814,20190731,20190430,20190430,20190430,20190630,20190430
TREX_MSVALUE,097750,20190816,20190814,20190814,20190731,20190430,20190430,20190430,20190630,20190430
